#20GLGVRC,N/A
#20J9GQRJ,N/A
#20L28G9RP,N/A
#22Y9JCU08,N/A
#280QP29VU,N/A
#289UPP0V2,N/A
#289YCU80J,N/A
#2CQQ0L2CP,N/A
#2G9RY8VVR,N/A
#2GG2UJYGC,N/A
#2L0LJC0U,N/A
#2LQVCYGJY,N/A
#2PQG2J2YP,N/A
#2Q98028VJ,N/A
#2QPP8UC0Q,N/A
#2V2R2RPR,N/A
#2YV8UUJGU,N/A
#2YYVC9V8R,N/A
#80GGGPJ2C,N/A
#82JLLG9R2,N/A
#82QVJ9QV,N/A
#8C2LRCP,N/A
#8CVRPJ9,N/A
#8LVRYU9U2,N/A
#8PQLYQL2G,N/A
#8U0PUUU0L,N/A
#8UGVPU9Y,272201620446511104
#8VPPR09Y9,N/A
#90LLY0YP8,N/A
#92Y0QGVR,N/A
#9C0G8P0JJ,N/A
#9CRQRQU9,N/A
#9PRCPJY0C,N/A
#9QCRLLV,N/A
#9QPYLUU,N/A
#9UVGVG9V,N/A
#9V8P2RYYL,N/A
#9YGYUPYU,N/A
#C099GQ2GG,N/A
#C92PPGPUV,N/A
#CJG02VVUU,N/A
#CJV8JPULC,N/A
#CRLGLYJQP,N/A
#CRQG9C0UJ,N/A
#G92208V00,N/A
#G9CP8J088,N/A
#J0JJC8LU,N/A
#J2RG000LC,N/A
#J8JL9RJ8Y,N/A
#J8QL9V2,N/A
#JGCJ9Y9RQ,N/A
#JPC2GVUGY,N/A
#JRUP8CL,N/A
#JV9Q80RCV,N/A
#JYG0G0CVC,N/A
#JYU899UQU,N/A
#L0UPY2YUG,N/A
#LC28U2JR2,N/A
#LLQRRPYC,N/A
#LQLLG298,N/A
#LRQ0U20,N/A
#P8PUR9CC,N/A
#PQLQYLJVL,N/A
#PUCP9VGPG,N/A
#PUQG0GVCQ,N/A
#PYL9YYC,N/A
#PYQ0V98LR,N/A
#QCJGJJU89,N/A
#QJ8R9YUV8,N/A
#QJL8LGP8,N/A
#QQGJ80899,N/A
#QVVG00G2,N/A
#R08CGYGUL,N/A
#R08RL0VLV,N/A
#R2YJ8QRG,N/A
#R9Y8URVJ,N/A
#RGQCL2C9C,N/A
#RJYGVLGC2,N/A
#RLL822CCL,N/A
#RUQPYRVP,N/A
#RVU820CYL,N/A
#U0CLVL02Q,N/A
#U8Q9VULCQ,N/A
#U92C8U92,N/A
#UJ0CRC2P,N/A
#UQ2U8LVG0,N/A
#V08YQRJVR,N/A
#V2R9CJJYP,N/A
#VJL0R2JUL,N/A
#VLJLJRYGG,N/A
#VQ20QY2JU,N/A
#VYLYR0RYC,N/A
#Y9Y0LRGY8,N/A
#YQUYVCY2,N/A
#9C2GG8RQJ,N/A
#JJL0QGG9L,N/A
#PYYUGJQ,N/A
#CY20899UQ,N/A
#YPVVQVLP,N/A
#YQL2UYCLU,N/A
#PCRJLUPV,N/A
#R9G0ULJ2,N/A
#CY0C0Q8L2,N/A
#2L0GYY2U,N/A
#C9R0VCULJ,N/A
#2UCP9RC2,N/A
#L2J0P2Q9,N/A
#GJ9VVG90V,N/A
#28GLV2G8L,N/A
#PPC0C92UL,N/A
#CRRRV9PQ8,N/A
#2YJQJ0902,N/A
#88YRQ8QUR,N/A
#Q09UJGPLR,N/A
#PJPCQPY0,N/A
#9R890YJ0,N/A
#9UGU8VJG0,N/A
#2LJUPPCQ,N/A
#89C2YV0YP,N/A
#908G2CQPL,N/A
#P0GG928CR,N/A
#U2R9C08GU,N/A
#JCP28GG,N/A
#2PUL9YVL,N/A
#QL208QQL2,N/A
#2J02VURP,N/A
#9UG0PURV,N/A
#UL2020PVL,N/A
#99VCRRG2,N/A
#PU02PR9P2,N/A
#J20Y2QG0Y,N/A
#P9RVU2YQ,N/A
#UUYU82YUV,N/A
#PJJUYGQC,N/A
#RC8PLUQY,N/A
#9J82Y2J2R,N/A
#U9LRY2PP,N/A
#92PCL92VQ,N/A
#9V0Y9Q02P,N/A
#PUR8JCRVJ,N/A
#P9R0U8JJR,N/A
#JVGLQPP28,N/A
#QRRJJURJ8,N/A
#UVQL8UCRU,N/A